fruits,noodle,bread,sea_meat_proc,seafood,vegetables,milk_product,drink,seasoned,alcohol,meat,snack,y
1.990390677,-1.012198809,-0.352723742,-0.984752689,0.292604272,0.018438872,-0.741526389,-0.712568505,8.609078746,-0.481356253,-0.192307535,-0.78796556,1
0.399025975,-1.130453848,-0.736949065,1.138269633,-0.35590706,-0.40759662,-0.103825334,-0.745347372,-0.912665658,-0.507464016,-0.037267258,-0.053418652,1
-1.084449594,-0.515527647,0.287651796,1.202119928,1.041995145,-0.211286148,0.76279405,-0.365112519,-0.842134218,-0.118748435,-0.466609563,0.346815241,1
0.587831956,-0.862409094,-0.53772112,-0.287720298,4.126026813,0.640784836,-0.900367678,-0.391335612,0.371006551,-0.46685194,0.050191359,-0.81150873,1
0.578841195,-1.461567955,-0.295801472,-0.564404911,-0.687368407,0.005908417,-0.638746732,-0.601120358,1.414871864,-0.014317383,-0.347347811,-0.943350483,1
0.039395534,0.682790077,0.387265769,-0.606971775,0.292604272,0.005908417,0.033992844,-0.592379328,-0.108607241,-0.339213988,-0.108824309,1.250872973,1
1.440156101,0.260225405,1.261022614,0.218825379,0.344485178,-0.174530145,1.181387564,-0.275954001,0.263798762,-0.288158807,-0.375970632,2.475117819,1
-0.86867133,0.477814676,3.083958313,0.467841531,-0.010034349,-0.896284391,2.678233119,4.748390681,-0.404839289,-0.45524849,-0.347347811,3.322671944,1
3.015337432,-0.420923617,-0.096573527,0.052814611,1.589626936,2.612243194,-0.447202825,-0.758458918,1.79574164,-0.420438139,0.225108595,-0.830343266,1
-1.030505028,-0.420923617,-0.747621991,-1.080528133,-0.593694548,-0.219639785,-0.930734395,-0.588008812,-0.679911905,-0.524869191,-0.329458549,-0.724399001,1
0.833954039,-0.255366562,0.031501581,0.388028662,0.033199739,1.020875325,-0.124848445,-0.640454998,1.235016691,-0.359520026,0.046215968,-0.745587854,1
5.651265097,-0.102710058,-0.604992893,0.668099276,0.324047246,3.73314941,0.053529473,-0.71793232,2.676743445,-0.448919335,0.073320911,-0.157436658,1
0.614804239,-0.79933974,0.35168935,0.020889463,-0.658545681,0.45700482,0.085382672,-0.509339532,0.483856855,-0.333412263,-0.22808606,-0.463069812,1
1.032874627,-0.373621601,-0.662238585,1.345783093,1.524775803,1.973189955,-1.218050255,0.657588121,2.049654824,-0.376925201,1.805326799,-1.091672455,1
-0.906432526,0.373750242,0.50964865,-0.330287162,-0.347260242,-0.986503672,0.020911796,0.007255407,-0.751853975,0.039058488,-0.22331559,0.698079339,1
-0.925987431,-0.551004159,-0.78497723,-1.567386635,-0.79905647,-0.470248899,-0.741526389,-0.774848352,-0.235563833,-0.472653665,0.269831751,-1.278840657,1
-0.16739197,-1.083151832,-0.980106153,-1.135356104,-0.245002224,-0.042034196,-0.763463549,-0.752758246,0.009149598,-0.275142763,-0.317273109,-1.005995788,1
-0.069617444,-0.870292763,-0.582191643,-0.825126951,-0.031651394,-0.514105494,-0.307048747,-0.660122318,-0.045128945,-0.437843315,-0.254919954,-0.682021294,1
1.178524955,-0.042507493,-0.011190122,-0.713388934,-0.952537486,-1.227088421,2.027918194,-0.677167329,-1.166578842,-0.364741579,-0.516699498,1.513143889,1
-0.687957033,0.099398553,-0.122188548,0.985028924,0.975702876,0.446980456,-0.166894669,-0.042568471,0.246871217,0.233996451,-0.120750484,0.585072122,1
-1.084449594,-0.602248009,-0.740506707,-1.048602985,-0.932361577,-1.472685352,0.550227031,-0.415373448,-1.215950849,-0.516166604,-0.410954079,0.452759506,1
-0.216841155,-0.886060101,-0.665796227,-0.766597514,-0.766630903,0.611547107,-0.535967075,-0.524636336,-0.433051866,-0.133252747,-0.182369056,-0.790319877,1
0.331595267,0.052096538,-0.416761296,0.020889463,0.811413338,1.835354943,0.645998985,0.788703588,0.907045495,0.415010274,0.356296521,-0.124048162,1
-0.185373492,1.644597723,-0.544836404,-0.383495741,1.560804211,1.004168051,-0.90503948,1.579766903,2.670331496,0.362794748,0.010437442,-0.915098679,1
-0.932634172,-0.739874349,-0.532028893,-0.842913819,-0.678309836,-0.595553455,-0.783172172,0.097912386,-0.343174659,-0.48309677,-0.416178879,-0.442082757,1
0.718197991,-0.665317362,-0.861466531,-0.394137457,2.461514394,-0.35329798,-0.692472462,-0.70819799,-0.82802793,-0.275395012,0.028326705,-0.733816268,1
0.039395534,-0.160762532,-0.448780073,-1.240153872,-0.622517274,-0.451453215,-0.342087266,-0.369483034,-0.665805617,0.383100786,-0.234049148,-0.639643588,1
1.451694245,-0.938617896,-1.147263762,-0.15292523,2.4591125,0.81342667,-1.417380499,-0.828387168,0.413325415,-0.412702506,-0.279766152,-1.01633431,1
-0.059502838,-1.272359894,-0.452337714,-1.250795588,-0.449580918,-0.395066165,-0.521951667,-0.771570465,-0.86329365,-0.394330377,-0.403003296,-0.891555508,1
0.625593153,0.190849116,0.646262098,1.857649628,0.015906104,0.513809552,0.650670787,-0.106377998,0.190446064,-0.524869191,-0.019775535,-0.063777647,1
0.277650701,0.950834831,3.318762677,-1.064565559,4.284551805,-0.562138907,0.716076024,-0.421929221,0.794195192,1.900251899,0.392075046,2.277355191,1
0.064869357,-0.712619378,-0.949221697,-0.677916548,1.19571635,0.179942523,0.287827452,0.829495066,-0.076868093,-0.416570323,-0.126713572,-1.119139487,1
-0.713580702,-0.426179396,-0.969381667,-0.835768667,0.501569035,0.121467063,-1.076338909,-0.714753763,1.113937719,-0.376925201,0.151563848,-1.262752824,1
-0.713580702,-0.426179396,-0.969381667,-0.835768667,0.501569035,0.121467063,-1.076338909,-0.714753763,1.113937719,-0.376925201,0.151563848,-1.262752824,1
-0.449252328,1.97098163,-0.684295965,-0.426062605,-0.730602496,-0.220475149,1.725652566,-0.416684602,0.049383184,-0.306724328,-0.174020733,-0.714981733,1
0.129303144,-0.1686462,-0.153495797,-0.30900373,0.782590612,1.509563096,0.174146922,0.264241721,1.104533527,0.345389573,0.296665645,-0.3783144,1
-0.113447403,-0.657433693,-0.352723742,-0.628255207,-0.002828668,-0.405508211,0.042168498,-0.524636336,-0.036312515,-0.513265741,-0.063107304,-0.350062595,1
-0.881408241,1.352901961,-0.962266384,-0.174208662,-0.339093803,-0.745918923,-0.806931625,0.013665496,-0.400137193,-0.335346171,1.352132144,-0.145237015,1
-0.897891303,0.075747545,1.123697638,0.850943304,-0.658545681,-0.689531873,-0.540638877,-0.310481074,-0.362520425,0.18294127,0.018388225,0.643459184,1
-0.527213704,0.571412282,0.896235641,-0.504177328,-1.057771097,-0.599819143,0.221063748,0.797630598,-0.450759759,-0.111588859,-0.242803468,0.668805661,1
-0.637721156,-0.958984042,-0.470125924,-0.605641561,0.006178434,-0.410729235,-0.734518685,-0.507700588,-0.267302981,-0.403032964,-0.150565922,-0.607860309,1
0.225953825,0.331966796,-0.63377745,0.296243862,-0.283850245,-0.040036588,0.304957395,-0.381501952,0.187624807,-0.059280752,0.103859147,-0.929224581,1
-0.594453118,-1.091035501,0.017271014,-1.213549581,-0.716191133,-0.666559371,-0.70765582,-0.739884228,-0.461264442,-0.521968329,-0.356292443,-0.933933215,1
-0.137048151,1.743143588,-0.237989791,1.154232207,1.141073265,0.137478201,2.180686141,0.185572441,0.483856855,-0.383452142,0.086466809,0.926565805,1
-0.462288931,-0.370468133,-0.472260509,-0.087656039,-0.208911158,-1.106796046,-1.014359661,0.250256071,-0.949342006,-0.43900366,0.247370788,0.041695756,1
-0.874983992,0.812954488,-0.460815499,0.636976888,-0.417538633,0.148808932,-0.194030884,0.041066459,-0.072591186,11.72244904,-0.224533583,0.12060044,1
0.309118364,0.178235245,-0.057439466,0.531691826,-0.204587749,1.258953983,-0.106161235,-0.332333652,-0.108607241,-0.429140727,0.676315553,0.117269332,1
0.790124079,-1.284185397,-0.779640767,-1.327948028,-0.420758193,0.663757339,-0.140615779,-0.338889425,0.378059695,-0.431316374,-0.040248802,-0.856829333,1
0.983425441,-1.142279351,-0.030757152,-1.572707493,0.062022465,0.272180599,-0.895695875,-0.820738765,1.774582207,-0.343565282,-0.443751061,-0.57489987,1
0.648519593,-0.49187664,-0.5955328,-0.972780759,-0.220800532,-0.83519842,-0.953509432,-0.548674172,-0.254078336,-0.418262493,-0.174418272,-0.508978994,1
0.42431249,-0.192297209,-0.099686464,0.775121078,1.276179792,1.20674375,-0.173902373,-0.460717546,0.326924401,0.269967147,0.313064136,0.408027483,1
-0.616930021,0.083631215,-0.370511951,-0.628255207,-0.557666141,-0.628968004,-0.790580316,-0.336704168,-0.679911905,0.684790491,-0.182369056,0.207910537,1
-0.062921859,-0.949906718,-0.233066717,-0.440001754,-0.961793233,-1.01064686,0.357597424,-0.628820809,-0.499609703,-0.482704541,-0.184748692,-0.254961452,0
-0.73836861,1.547106714,-0.453139436,0.471888381,-0.462469955,-0.716975336,-0.518859065,0.847797883,-0.664116836,5.452705372,-0.278142401,0.520172555,0
0.209047285,-0.207036243,-0.67012727,2.881660308,0.849008197,0.123585739,0.256614394,-0.176990327,0.954884211,1.607643155,-0.261271939,1.336447279,0
-0.081916425,0.132043606,0.67969391,1.942243776,-0.235947687,-0.77415657,1.059947016,1.005136443,-0.957368683,-0.511631452,-0.073406592,0.398411258,0
-0.365695234,-0.427585872,0.01226025,-0.893248922,-0.140954477,-0.068391891,-0.386206191,-0.416450687,0.149478225,0.254686547,-0.040290796,0.208606884,0
-0.33264469,1.083413718,-0.038248243,1.302841521,0.22440402,3.001922717,0.741343238,0.838933738,1.26705386,-0.471918236,0.407192733,0.78279496,0
-0.630099586,-1.117795562,-0.335887578,-0.979581715,-0.67924933,-1.008529037,-0.985907726,-0.355509696,-0.982402377,-0.498393713,-0.217335705,-0.688686333,0
-1.14791379,0.194002584,-0.534791297,-0.394137457,-0.617854774,-1.146893505,-0.657433942,-0.69752879,-1.062026355,-0.021142942,-0.504492707,-1.274893714,0
-0.581223856,2.695603456,2.268546795,1.866163001,-0.068091554,0.60164208,-0.011123422,-0.471503354,1.361671005,-0.399551929,0.009755946,-0.013462529,0
0.428657497,-0.960566327,-0.797078224,-1.209982358,0.108707162,-0.131750111,-0.755265437,-0.182585016,-0.627162336,-0.522908045,-0.504907703,-0.73142216,0
-0.911599048,0.108059486,0.685105534,-0.458887052,-0.798599772,-0.577198985,0.614612367,-0.472959607,-0.771404097,-0.183629698,-0.155185215,0.416317331,0
1.195658054,-1.235051262,-0.759798145,-1.306027592,-0.4515092,0.689259463,-0.18722688,-0.387642218,0.63405902,-0.41161298,0.060493783,-0.847851426,0
0.975700985,1.754969092,0.098846238,0.892760751,1.101264412,1.671929564,4.06240269,0.085481479,2.268401628,1.057776043,-0.104792926,3.079547263,0
0.579094456,-0.968561034,-0.124834231,-0.365359859,-0.294405046,1.268484188,0.02754444,-0.253572037,1.154998276,-0.397394668,-0.279486195,-1.037257888,0
-0.259290391,-0.527691023,-0.812574366,-0.502226886,-0.816658921,-0.84401449,-0.704285448,-0.681662717,-0.869137683,-0.48309677,-0.352118282,-0.984517397,0
-1.184129771,0.2413046,-0.540196001,-0.507957549,-1.060810682,-1.528255199,-0.683027296,0.889035423,-1.116900176,0.2924173,-0.536092496,-0.213716932,0
1.123858596,0.491805414,2.263495945,-0.445397553,-0.608613354,1.337313452,1.842835852,1.045025092,0.365840868,-0.41308384,-0.116887075,-0.091021405,0
-0.62760655,0.619720723,-0.795650156,-0.310333944,-0.458588021,-0.770979835,-0.941245951,-0.727318995,-0.595274177,0.010339949,0.642524724,-0.662598179,0
-0.888805569,-1.346977157,-0.65156566,-0.906738421,-0.50265939,-1.191367798,-1.301747902,-0.692347176,-1.052139097,-0.352778585,-0.506923394,-0.98513132,0
-0.912551611,-0.854407758,-0.399238582,-1.363327762,-0.858584003,-1.328678623,-1.283734405,-0.560807245,-1.005514508,-0.113379674,-0.450589328,-0.890220224,0
-0.879688178,-0.294873739,0.564967475,1.369749436,-0.611536221,-0.955865826,0.067656142,0.425864618,-0.538233117,0.024644061,0.322533687,1.341464439,0
-0.059122946,0.188006554,1.837781503,-1.783555858,-1.090886569,-1.581047321,0.229682153,0.036728686,-1.264925497,-0.489568554,-0.665155183,2.759625425,0
2.653301013,-0.867294748,-0.601057167,0.935927148,0.326704399,0.638431699,0.1349301,-0.45966339,0.265706092,-0.524869191,-0.193483355,0.329174443,0
0.648994457,1.499138473,-0.336488869,0.939524348,0.12210364,0.257223471,1.079292226,-0.146463628,0.313389318,0.443937185,0.091053011,0.212983924,0
-0.451170779,0.579747188,-0.240282216,0.142744604,-0.330940896,-0.445893929,-0.326986158,-0.129474018,-0.206357857,-0.451326197,-0.274111018,-0.129221028,0
2.157238938,-1.09194601,-0.621621339,-0.840549945,1.736013908,1.970683864,-1.093846106,-0.751736942,2.060025925,-0.466917312,0.808987252,-1.181938959,0
-0.605984747,0.286550005,-0.857599529,-0.996551114,-0.045749466,-1.183940069,-1.043771706,-0.52017081,-1.046982052,-0.355357919,-0.291346641,-0.702595978,0
-0.605984747,0.286550005,-0.857599529,-0.996551114,-0.045749466,-1.183940069,-1.043771706,-0.52017081,-1.046982052,-0.355357919,-0.291346641,-0.702595978,0
0.24403032,-0.099802892,-0.872840963,0.529443577,-0.866800025,0.418178056,0.014910833,-0.127257982,0.208486218,-0.515063459,-0.112855692,-0.005072255,0
-0.215942079,-1.177755863,-0.896738009,-0.235423866,-0.258321545,0.328120133,-0.333878242,-0.588383428,0.205761463,-0.478123863,-0.006599951,-0.785140379,0
-0.901569917,-0.214926671,-0.654451859,-1.248292536,-0.734296676,-0.721634547,-0.442109902,-0.276175605,-0.180608914,-0.415437216,-0.422869056,-0.804399356,0
0.604400645,0.092641123,1.240286645,-0.100426098,-0.648663604,-0.312007145,3.017806429,2.331370708,0.029231344,0.328481689,-0.17084042,1.245760742,0
-0.001379467,-0.755368852,-0.870435797,-0.143232775,-0.462469955,0.589015818,-0.345146968,-0.679789638,0.315773479,0.100736546,-0.240516158,-0.705398668,0
-0.914163314,1.870892341,-0.777836893,-0.77184343,-0.634188448,0.248752177,-0.527149869,-0.51063222,0.662668956,-0.477801675,-0.230773649,-0.379906051,0
1.150450988,-0.595474715,-0.443518771,0.837004155,0.808977615,0.088856503,-0.122479644,-0.701211321,-0.075228983,-0.086552946,-0.234133135,-1.02293303,0
1.150450988,-0.595474715,-0.443518771,0.837004155,0.808977615,0.088856503,-0.122479644,-0.701211321,-0.075228983,-0.086552946,-0.234133135,-1.02293303,0
1.761696107,-0.484881271,-1.104939515,0.33339619,2.311818899,0.970224047,-1.289509095,-0.83638952,1.164534921,-0.450345624,-0.179373514,-0.930219363,0
0.223516189,-0.734049634,-0.646755327,-0.520938748,-0.028911205,1.618278035,-0.752580795,-0.685699068,-0.435237347,-0.524869191,-0.432678755,-0.460284423,0
-0.387349039,1.419191405,1.26775708,-1.341100289,-1.090886569,-0.886401215,-1.248449872,-0.136122126,-1.050350975,-0.524869191,-0.382958363,0.735045432,0
0.164253145,-0.679419137,-0.525294427,0.528544277,0.494769307,1.452734832,-0.207361691,-0.423098795,0.855786026,-0.446913617,0.336643528,-0.764289752,0
0.018374881,-0.715395318,0.885335632,0.280337494,0.180561,-0.414126576,1.874814669,-0.631406185,0.147690105,-0.386608362,-0.101769389,-0.531510803,0
0.018374881,-0.715395318,0.885335632,0.280337494,0.180561,-0.414126576,1.874814669,-0.631406185,0.147690105,-0.386608362,-0.101769389,-0.531510803,0
-0.23691208,-0.903270929,-0.501844055,-1.033539711,-0.743795998,0.812093226,0.352859821,-0.480715733,-0.603320722,-0.518985752,-0.175342131,-0.488536227,0
-0.23691208,-0.903270929,-0.501844055,-1.033539711,-0.743795998,0.812093226,0.352859821,-0.480715733,-0.603320722,-0.518985752,-0.175342131,-0.488536227,0
0.564658586,-0.478219015,1.549161542,-0.528133147,-0.783985432,-0.177636287,-0.228286103,0.324813374,-0.110991402,-0.1542125,-0.329206588,-0.108529566,0
-0.060642511,-0.006531313,-0.217433135,-0.026323784,-0.011861142,-0.934405214,-0.011935582,0.493232114,-0.769019936,0.428248013,-0.277470504,0.279833264,0
-0.002595119,-0.665828135,-0.692333229,-0.305286624,-0.65951997,0.374268516,-0.501250975,-0.593068761,0.353324021,-0.106360526,-0.214715306,-0.734764627,0
-0.895643613,-0.292532432,-0.880271209,-1.059092677,-0.516490818,-0.856902959,-0.405156602,-0.493980292,-0.767572409,0.696974114,-0.314295269,-0.217480914,0
-0.895643613,-0.292532432,-0.880271209,-1.059092677,-0.516490818,-0.856902959,-0.405156602,-0.493980292,-0.767572409,0.696974114,-0.314295269,-0.217480914,0
-1.059756659,-1.059167711,-0.415859358,-1.222392698,-0.805906942,-0.740977335,-0.221179699,-0.548304833,-0.745178323,0.513557886,-0.123606047,-1.022137204,0
-1.367072212,0.455191974,1.330814267,-1.174221501,-1.090886569,-1.58927307,-0.634278051,4.943353677,-1.278815828,-0.494599321,-0.55683367,1.368384101,0
0.617116149,0.430512661,0.752381472,-0.76446917,-0.285497258,1.042714119,-0.613385518,0.03947235,0.387128023,0.415010274,-0.178336873,0.999566449,0
-1.264897967,1.271289329,0.562442051,0.579804373,-0.809560526,-1.096065741,0.062681659,-0.092909423,-0.653388111,0.248803107,-0.374895596,0.908137471,0
-0.650613717,0.779614859,0.492090935,2.484521637,-0.911860906,-0.410949841,2.066687577,2.276033119,-0.227815309,0.419422854,-0.414201582,1.407120041,0
-1.119019703,-0.003866411,-0.754386521,-0.223270469,-0.254215612,-0.416950341,-0.716653975,-0.098449513,-0.374441233,0.201735591,0.271469501,-0.474211369,0
-1.119019703,-0.003866411,-0.754386521,-0.223270469,-0.254215612,-0.416950341,-0.716653975,-0.098449513,-0.374441233,0.201735591,0.271469501,-0.474211369,0
0.544448369,1.304067627,0.492812485,1.376224396,-0.333863764,0.241975142,0.411606094,-0.136122126,0.099768461,-0.521339128,0.012117185,-0.106301254,0
-0.642636,-0.975223289,-0.905912,-1.61628607,-0.663417128,-0.738153571,-1.192783041,-0.630298167,-0.499609703,-0.505748013,-0.365321062,-1.035268325,0
-0.638077304,-0.083813479,-0.432695523,-0.686409936,-0.404012595,-0.618143573,-0.875758464,-0.345906873,-0.568750383,0.812632729,-0.138387785,0.165234396,0
-0.523426106,-0.327400774,-0.449572919,-0.949087739,-0.749954897,-0.238686078,-0.906828113,-0.629740992,-0.45489646,0.104104115,-0.141536104,-0.786431891,0
-0.919006928,1.223321088,-0.39000382,2.472381087,1.203564792,-0.306117578,0.79819447,1.037268965,-0.113375564,0.144372056,0.060493783,1.238206085,0
-0.616539118,0.685532222,0.88162331,0.469229581,-1.030734794,-0.59882227,0.545453668,0.161629617,-0.609073807,-0.431032594,-0.475943091,0.125304718,0
-0.94692894,0.343903338,-0.768817519,-0.323992062,-0.908207321,-1.264432708,0.004646027,-0.361049786,-0.921606263,-0.429263299,-0.420248657,-0.649690885,0
1.039522725,-0.851305334,-0.550548673,1.31902892,6.435498467,2.90662066,0.056759656,-0.581545374,3.945659139,-0.183629698,15.42611063,-0.782195825,0
0.045727056,-0.516860098,-0.907715875,0.243466197,0.459451319,1.107882573,-0.393707395,-0.756242883,1.371360919,-0.337089413,-0.094378519,-0.620245342,0
0.045727056,-0.516860098,-0.907715875,0.243466197,0.459451319,1.107882573,-0.393707395,-0.756242883,1.371360919,-0.337089413,-0.094378519,-0.620245342,0
4.569711576,6.020259396,0.607229684,5.636979018,0.598948673,4.897798307,3.424653696,0.63885734,3.044752683,0.841685714,1.191469528,1.948019875,0
1.63785154,-0.347638804,0.603029233,0.245264797,1.240100641,-0.035036171,0.383654239,1.031728875,1.546000738,-0.071844347,0.277180627,-0.102958787,0
1.132216205,-1.277689698,-0.997909613,-0.607271542,1.023321266,-0.552491044,-1.212128252,-0.651719848,-0.51153051,-0.442501038,0.139777651,-0.975979327,0
-0.341762081,-0.173354195,-0.514471178,-1.002244074,1.077881468,-0.084593241,-0.804062744,-0.727360546,-0.24068978,-0.433087534,-0.044322179,-0.941917997,0
0.57149663,-0.619458836,-0.867729985,0.554623975,0.899099378,2.106789321,-0.154063662,-0.682744353,0.165571314,-0.142935908,0.094088642,-0.885255224,0
2.612272752,-0.973890839,-0.779039476,1.03305154,0.838206295,0.759853579,-0.747843193,-0.034184468,0.089278151,-0.417006133,0.357472341,0.294158122,0
2.612272752,-0.973890839,-0.779039476,1.03305154,0.838206295,0.759853579,-0.747843193,-0.034184468,0.089278151,-0.417006133,0.357472341,0.294158122,0
0.028631947,0.995471943,0.044729996,0.237171098,-0.338248065,-0.808041746,0.731868033,0.478827879,-0.599744479,0.431189733,-0.143091066,0.600153015,0
0.634938479,-0.371622925,-0.534313801,-0.801520328,-0.093457872,-0.603671779,-0.906158081,-0.453015282,-0.136621137,-0.433675878,-0.18038136,-0.382293527,0
-0.497669475,-0.419591166,-0.637134662,-0.479930671,-0.608613354,-0.425562823,-0.425054533,-0.085596504,-0.546816097,-0.343659254,0.057268676,-0.156438259,0
0.040028686,0.699667791,-0.094769652,-0.399533257,0.560533837,-0.53801925,-0.24052491,-0.692347176,0.508890549,-0.399846101,-0.188444126,0.1934862,0
0.048771613,-0.981790371,-0.797937212,-0.019245008,-0.438669458,0.212839941,-0.640615453,-0.771570465,0.070341098,-0.490556131,0.17331492,-0.249566892,0
1.283412946,1.243307856,2.559331405,2.058253467,2.971899917,0.706202051,0.783981662,1.853878252,0.494585581,-0.083611226,0.13305868,0.763695149,0
-0.461807736,0.939508996,0.714568822,0.784844758,1.452008569,1.609806741,0.420765459,-0.068163687,1.414871864,-0.511141165,-0.198858533,1.042234063,0
0.961265115,-1.449575895,-0.608272666,-0.569500944,0.560533837,-0.212227404,-0.977616921,-0.512478916,-0.455502718,-0.497903426,-0.191467663,0.128626424,0
0.27594119,0.407860992,-0.498236305,-0.636948439,0.575148177,0.125918414,-0.627823926,-0.326701227,0.837904816,-0.41602556,-0.132004762,-0.794133207,0
-0.54558191,-0.71149314,-0.192934798,-0.440656958,-0.606664774,-0.344228316,0.611160685,-0.16656624,-0.430230608,-0.430881245,-0.205255954,-0.829939669,0
-0.766254835,-0.186470149,-0.801914699,0.151828837,1.859056765,-0.424485495,-0.116723571,-0.397036285,-0.525049396,-0.292800187,-0.135787836,-0.797587551,0
-0.242230558,1.275286683,0.043527413,0.507860378,-0.618356247,0.773972403,0.089133274,0.296743583,0.833136494,0.316462662,0.335971631,0.170009349,0
-0.242230558,1.275286683,0.043527413,0.507860378,-0.618356247,0.773972403,0.089133274,0.296743583,0.833136494,0.316462662,0.335971631,0.170009349,0
-0.627820238,0.052096538,-0.877050004,0.550127475,-0.477084294,-0.50731081,-0.766398803,-0.307864921,-0.653388111,-0.471918236,-0.147122449,-0.314250449,0
0.181538199,-0.432915677,-0.248700297,1.640978297,2.898828217,1.789821738,-0.337250964,-0.571203872,2.323237339,-0.518005178,1.981447849,0.090426802,0
-0.396271057,0.079126261,0.796292938,0.231595438,0.149314149,0.265109842,-0.268206045,0.410341813,1.233505303,0.510490093,0.020659878,0.346546176,0
-0.545763716,0.243969502,0.540795554,1.068124238,-0.648802788,-0.930875508,0.181121725,0.919819054,-0.749946645,0.054649603,-0.358770064,0.361405374,0
-0.344801212,-0.824656312,-0.92094429,-0.715187534,-0.440548445,0.231809589,-0.558339087,-0.363635161,-0.132448855,-0.409161547,-0.081948421,-0.673565649,0
-0.081916425,0.132043606,0.67969391,1.942243776,-0.235947687,-0.77415657,1.059947016,1.005136443,-0.957368683,-0.511631452,-0.073406592,0.398411258,0
-0.51216811,4.827543484,1.035684671,1.268746324,-0.515685214,0.585578192,1.513126173,0.857111657,0.025709153,-0.013308387,0.005252149,1.107976167,0
-0.51216811,4.827543484,1.035684671,1.268746324,-0.515685214,0.585578192,1.513126173,0.857111657,0.025709153,-0.013308387,0.005252149,1.107976167,0
-0.737914392,0.372927599,-0.532771357,-0.574583944,-0.515685214,-0.443008778,-0.818306449,-0.656986949,-0.745230153,0.02452895,-0.226011943,-0.873335142,0
0.324947169,1.467159646,-0.344906951,0.274941695,-0.378437501,1.713227122,0.288902186,-0.654674563,1.789185196,-0.443971898,0.169341128,0.191894549,0
1.302597458,-0.444574624,-1.057136834,-0.106811128,0.033199739,-0.319883431,-1.274111886,-0.745347372,0.060668215,-0.133252747,-0.067082696,-0.51957342,0
-0.838659916,-0.478219015,-0.461557519,-0.743965132,-0.486827188,-0.426127576,-0.485695847,-0.475914321,-0.89776465,-0.101261545,0.019508054,-0.293161074,0
-0.838659916,-0.478219015,-0.461557519,-0.743965132,-0.486827188,-0.426127576,-0.485695847,-0.475914321,-0.89776465,-0.101261545,0.019508054,-0.293161074,0
-0.60502676,-0.299670563,-0.206008595,0.083390809,-0.778505055,-1.280316385,1.26484833,-0.132798072,-0.782132823,-0.452797057,-0.231781495,0.918881115,0
-0.797965416,0.777844602,-0.305762869,-0.494017562,-0.698073991,0.139805285,-0.189519541,0.175832435,-0.201708742,-0.026583887,-0.075090271,-0.679397912,0
-0.87171046,-1.426924225,-0.884265503,-0.949904817,-0.751103167,-1.18077868,-1.20818025,-0.747748078,-0.90014881,-0.404258681,-0.367840676,-1.109280093,0
0.018374881,-0.715395318,0.885335632,0.280337494,0.180561,-0.414126576,1.874814669,-0.631406185,0.147690105,-0.386608362,-0.101769389,-0.531510803,0
0.588325815,-0.147771133,0.732727828,0.578185634,0.149870886,-0.269691014,0.624798213,-0.35763709,0.315058231,-0.287766578,-0.237123078,1.792458733,0
-0.401405017,-0.967228583,-0.703276736,-1.04882781,0.548355221,0.247340294,-0.978011721,-0.26871495,-0.240928196,-0.471918236,-0.221703037,-0.753546108,0
-1.052918615,0.04410183,0.416328195,0.212889999,-0.886285811,-0.869458627,-0.594660707,0.502096258,-0.478152251,0.445898332,-0.298299317,-0.13399598,0
-0.228657584,0.023715328,0.56789233,0.856416186,-0.005093311,-0.265644459,0.218328826,0.673696593,-0.145485108,-0.063880691,-0.07202354,-0.413023759,0
-0.911905163,-0.688008619,-0.754025746,-0.816937457,-0.358037435,-0.915025595,-1.015172149,-0.770924389,-0.767800213,-0.160722655,-0.265696723,-0.963986583,0
-0.511631447,0.523513233,0.195032509,-0.494782838,-0.835878723,-0.680505697,0.176364048,0.497138347,-0.716851253,0.13357744,-0.298026003,0.228859968,0
-0.539609476,3.165920638,5.644850584,1.35171205,0.776826067,-0.506766227,3.416644889,2.207747552,-0.887274339,-0.26229969,0.140603125,2.29349908,0
-0.150866698,0.935511642,0.085617824,-0.63065334,-0.036218375,-0.670383219,0.754766446,-0.462618105,-0.438813588,0.012484953,-0.069854272,-0.046455179,0
-0.150866698,0.935511642,0.085617824,-0.63065334,-0.036218375,-0.670383219,0.754766446,-0.462618105,-0.438813588,0.012484953,-0.069854272,-0.046455179,0
-0.600847955,-0.15709829,-0.408643859,-0.029021683,-0.413755488,-0.955583449,0.079658069,-0.059299543,-0.532391921,-0.483685115,-0.057088225,-0.063565427,0
-0.924363396,-0.889679927,-0.971933817,-0.937494478,-0.748911016,-0.816936605,-0.791744977,-0.629854959,-0.79286155,-0.410730464,-0.283786337,-0.358418763,0
-0.887286004,0.53444385,0.753051483,1.396368715,1.101264412,-0.123984758,0.114400488,4.467323441,-0.316029278,-0.285609317,0.724328207,0.451731565,0
0.373953148,0.437441407,-0.196989221,-0.119491257,0.19517534,0.238586624,-0.233655386,-0.019115422,0.016799646,-0.488391866,0.022598781,0.948008327,0
3.437396678,1.1793502,1.455360055,0.007849614,-0.681685053,2.81555425,0.665541596,3.312029978,3.312664301,0.957757571,-0.427303577,5.73442103,0
0.128353416,-0.532849512,0.086820407,-0.043410482,3.062021679,1.468971479,0.811617677,-0.318575761,0.885588043,0.222817916,-0.042978385,-0.265307183,0
0.128353416,-0.532849512,0.086820407,-0.043410482,3.062021679,1.468971479,0.811617677,-0.318575761,0.885588043,0.222817916,-0.042978385,-0.265307183,0
0.978343707,-0.482621898,0.373035201,0.580273573,2.0821196,0.518022691,-0.179691345,-0.189531807,0.294341942,-0.154063283,-0.302754287,-0.235827039,0
-0.405583822,0.068085951,-0.413454192,0.701209865,-0.108072212,-0.269055667,0.201256537,0.083265443,-0.025757634,1.98147605,0.306408154,-0.209201487,0
-0.405583822,0.068085951,-0.413454192,0.701209865,-0.108072212,-0.269055667,0.201256537,0.083265443,-0.025757634,1.98147605,0.306408154,-0.209201487,0
-0.926414809,0.02011771,-0.696662529,-1.144153603,-0.721874487,-0.503075163,-0.257106519,-0.523928436,-0.556829575,-0.313065368,-0.341636686,-0.428849317,0
-1.052918615,-0.704202728,-0.855042732,-0.553313546,-0.576461806,-0.728411583,-0.614558638,-0.582874995,-0.569704047,0.035234252,-0.1539758,-0.702215365,0
-1.052918615,-0.704202728,-0.855042732,-0.553313546,-0.576461806,-0.728411583,-0.614558638,-0.582874995,-0.569704047,0.035234252,-0.1539758,-0.702215365,0
-0.835240894,-0.139776427,-0.332279828,-0.547917746,-0.948396755,-0.899108156,0.556576735,-0.251356001,-0.82862397,-0.277764731,-0.3859819,0.221738004,0
-0.563618607,0.736976423,2.285142442,0.881969152,-0.55502744,-0.990880508,-0.578868698,1.200886294,-0.673653482,-0.434656452,-0.415209428,5.188484758,0
-1.059756659,-1.059167711,-0.415859358,-1.222392698,-0.805906942,-0.740977335,-0.221179699,-0.548304833,-0.745178323,0.513557886,-0.123606047,-1.022137204,0
1.267457512,-1.039180945,-0.372566364,-0.107260777,-0.021604035,2.76684431,1.598059716,-0.430854922,0.855189986,-0.523398331,0.004222393,-0.636559765,0
-0.559439803,0.359892751,-0.61368429,0.631064469,0.016149676,-0.346356225,0.033663843,0.112073912,-0.354771901,-0.207163457,0.522591075,0.158469879,0
-0.508154475,-1.223059202,-0.925754623,-1.416641484,-0.575731089,-1.286669855,-1.073158574,-0.785420691,-0.921606263,-0.336599126,-0.413193736,-1.185679338,0
2.99976189,0.028112417,0.575069174,0.169723603,-0.564770333,1.383905569,4.469836519,0.355837878,1.381493604,-0.477801675,0.024211334,-0.019397113,0
5.295065188,-0.067824065,1.072938607,-0.391439557,0.07826062,1.525799743,1.054025012,-0.393182309,0.766379975,-0.489568554,0.028242718,0.787569913,0
-0.411662083,-0.995210057,-0.742961981,-0.524535947,-0.993457636,-1.168777681,0.585002351,-0.239537142,-1.140949107,-0.311104222,-0.440741521,0.017210858,0
0.424098801,1.877554597,0.988757784,0.831608355,0.580019624,0.958223047,2.094718392,0.874390315,0.01775331,-0.25030868,0.10887038,1.018359299,0
0.776637938,0.525116692,0.042174507,2.718564445,2.238138268,2.123555423,1.753216203,0.736257401,0.959944075,0.223553346,0.755823387,1.147283025,0
0.945689571,-0.105132697,0.094336552,0.832507655,1.35701536,1.489796743,-0.019831587,-0.410541258,0.498161823,0.206638457,0.379309,0.86715246,0
0.453730324,-0.843310627,-0.236674466,-0.507449249,-0.078843533,0.231809589,-0.308035747,-0.588193482,0.047555327,-0.449855337,0.017156414,-0.198457843,0
0.453730324,-0.843310627,-0.236674466,-0.507449249,-0.078843533,0.231809589,-0.308035747,-0.588193482,0.047555327,-0.449855337,0.017156414,-0.198457843,0
-0.524109911,0.454496782,-0.18496339,1.576228702,0.925892334,-0.488250398,-0.539388676,-0.016456179,-0.244504438,-0.228736068,0.10887038,-0.360010414,0
-0.310990885,0.902200364,-0.34430566,-1.373475087,-0.094675734,1.118471691,-0.965772914,-0.506569487,0.241864477,-0.374351197,-0.172654542,-0.225913822,0
-0.202721862,-0.743376791,-0.458551061,-1.098289307,-0.751103167,-0.553902927,-1.115796998,-0.297892758,-0.728489193,-0.455738777,-0.34768376,-0.680728078,0
0.345081409,-0.840645725,-0.069515405,-0.691805736,0.302347166,0.293932411,-0.578868698,-0.591148196,0.873667236,0.17133782,0.037649278,-0.746781592,0
0.345081409,-0.840645725,-0.069515405,-0.691805736,0.302347166,0.293932411,-0.578868698,-0.591148196,0.873667236,0.17133782,0.037649278,-0.746781592,0
0.424098801,-0.395607045,0.499306434,0.558221174,-0.148261648,-1.029354301,-0.450163827,0.650570674,-0.678421804,0.410597695,0.362847518,-0.453917819,0
0.030341458,1.171355494,-0.007582372,1.672453795,2.464051606,0.29322647,0.084000871,0.310409139,0.169147556,-0.199809157,-0.132508685,0.787569913,0
-0.027971859,0.033442222,-0.117618732,0.845997154,0.867434974,1.448852156,0.414448656,-0.198171136,1.226523116,-0.158134794,-0.045665973,0.033127368,0
0.20163445,-0.077417713,1.091698904,-0.026683503,-0.655379241,0.855296825,0.622903172,-0.517280328,-0.083335131,-0.477801675,0.614405826,1.493307939,0
0.20163445,-0.077417713,1.091698904,-0.026683503,-0.655379241,0.855296825,0.622903172,-0.517280328,-0.083335131,-0.477801675,0.614405826,1.493307939,0
-0.715575131,0.012123003,-0.038248243,0.2020984,-0.637842034,-0.835573451,-0.964193713,0.050024903,-0.771404097,2.028543566,-0.318456232,-0.210395226,0
-1.139533834,-0.467559406,0.880525299,-0.596479943,-0.959357511,-1.085476623,0.035440444,5.201570053,-0.878691358,-0.336599126,-0.564370604,0.233675386,0
0.232253689,-0.754036401,-0.4771911,-0.573098144,-0.980061158,-0.649557955,-1.338069522,-0.726326396,-0.469807686,-0.41014212,0.126675656,-0.92544441,0
0.311271082,-0.90460338,-0.389402529,0.569012774,0.263375592,-0.089393641,0.059918058,0.042268776,0.341999254,1.290171904,0.187482352,-0.623826557,0
-0.932872961,-0.723390025,-0.144075562,-0.934616718,-0.710913733,-0.84051504,-0.673620751,0.306346406,-0.630738577,-0.489568554,-0.394380615,1.003238615,0
-0.369114256,-0.90460338,-0.168127225,-0.377050758,-0.511184421,-0.702856512,-0.610452716,-0.416820027,-0.759483291,0.094853106,-0.163919879,-0.632182725,0
-0.427237626,0.755630739,-0.240282216,0.301111323,-0.41497335,-0.490368222,-0.851675651,-0.11728582,-0.470999767,1.501975728,0.31951015,-0.593585189,0
2.568205358,0.712992302,-0.184362098,0.666137167,2.436040788,2.697309105,2.036485361,-0.059299543,2.838812232,-0.397884955,0.4629602,-0.408157855,0
0.956326528,0.315921863,1.350735319,2.082534565,0.22440402,1.206008395,0.65606639,2.190715732,2.579534685,0.320875242,0.168333282,-0.058790474,0
-0.140039795,0.32391657,0.649028039,1.162550732,-0.111725797,0.450474864,1.163384673,0.331461482,-0.020393271,-0.513102312,0.171356819,0.561953392,0
0.498747444,0.076080659,0.945765436,-0.240357168,-0.50265939,-0.041389642,0.097029278,-0.433070958,-0.730277314,-0.055664888,-0.301322854,-0.002684778,0
-0.453450127,-1.043178297,-0.068012176,-1.424735184,-0.290751461,-0.434775356,-1.306485504,0.533120763,0.026097876,-0.267468712,-0.346675914,-1.00542487,0
-1.046536441,-0.582683185,-0.820408337,-0.866269923,-0.775216828,-0.288327861,-0.636351611,-0.511961841,-0.315075614,0.00817043,0.143540276,-0.993487487,0
-1.046536441,-0.582683185,-0.820408337,-0.866269923,-0.775216828,-0.288327861,-0.636351611,-0.511961841,-0.315075614,0.00817043,0.143540276,-0.993487487,0
-0.932634172,1.284651911,0.018084189,-0.837440937,-0.772189572,-0.7645356,0.034526764,0.470280311,0.211807015,0.805880782,-0.123135719,-0.506254713,0
0.007737924,0.477148451,0.689915867,1.168845831,-0.006989695,0.616547524,0.497356702,0.194436586,0.341999255,-0.191474284,-0.031556132,0.597367626,0
1.305294686,2.322593277,7.735524246,3.748834569,1.028819042,1.976412073,6.745104028,7.96184346,1.724404125,2.464842632,0.713059531,5.241373043,0
0.003179229,0.31325696,0.670073245,0.635560969,0.279207794,0.571367289,1.917847895,0.10210175,0.101198958,1.21662891,-0.20188207,1.675313224,0
-0.811307742,-0.49554088,-0.435100689,-1.119872505,-0.458816369,-0.625908926,-1.003871135,-0.331133299,-0.535372124,0.47237381,-0.399083895,-0.588810236,0
0.427517823,0.180011847,0.230529096,2.077138766,1.258368566,0.731615933,0.247448162,-0.102881585,-0.555041455,-0.438088458,-0.10378508,1.840447009,0
-0.171950665,0.188006554,0.021279624,0.525846377,0.030764016,0.388528527,0.205994139,-0.424206814,0.14053762,-0.15715422,-0.052888868,-0.482567536,0
-0.780080676,-0.05023571,-0.628115288,-0.368237619,-0.529695919,-0.827949287,-0.464139755,-0.143213442,-0.515345168,-0.315418744,-0.460562488,0.289303587,0
-0.078497403,0.255961562,-0.038248243,-0.34827316,-0.868017887,-0.082157744,-0.246446913,-0.316729065,-0.428084863,-0.215988616,0.043360405,0.142951283,0
-0.171950665,0.188006554,0.021279624,0.525846377,0.030764016,0.388528527,0.205994139,-0.424206814,0.14053762,-0.15715422,-0.052888868,-0.482567536,0
0.221008906,-0.369567142,-0.744877524,-0.596634108,-0.749954897,-0.502470071,-0.317460192,-0.596250356,0.10661441,-0.487572387,-0.15175854,-0.76052095,0
0.460948258,0.695670437,1.258136415,0.725490963,0.146460874,-0.316000755,0.436162668,0.044484812,-0.412587814,0.618479225,-0.227078215,0.86277542,0
-0.768190078,0.787609566,-0.874043546,-0.172010373,-0.30414794,-0.833455628,-0.92155529,-0.1058363,-0.590207834,-0.353759158,0.932280387,-0.264113445,0
-0.230833819,-0.936582207,0.134923734,-0.696482095,-0.822957005,-0.403537459,-0.067207613,-0.461140748,-0.554445414,-0.28953161,-0.100761543,-0.356827112,0
0.418727468,-1.126477736,-0.766771385,-1.556953127,-0.832233934,-0.138645826,-0.832606228,-0.55688314,-0.021025592,-0.523355698,-0.512793244,-0.935898558,0
-1.111269921,0.411858345,-0.852156533,-0.829578486,-0.851211396,-0.932993332,-0.876074304,-0.430411714,-0.898718314,0.763604066,-0.373686182,-0.823499167,0
-0.981119158,-0.852637785,-0.460354935,-0.391439557,-0.411319766,-0.835220481,-0.263423323,-0.196324439,-0.616433609,1.388719517,-0.429319269,0.692070856,0
-1.032404485,0.040104478,-0.106795483,0.239868998,-0.732835242,-1.055827094,1.281429939,0.631734367,-1.061079702,0.96805359,-0.376911288,0.590603109,0
2.972409716,0.060091245,3.615199429,0.061807611,0.005188921,1.976896147,1.072975423,3.573522231,0.380145836,-0.495451994,-0.153169523,1.136141468,0
-0.33978004,5.185393514,1.10807495,1.74068329,-0.496887784,0.280488836,0.323644605,1.61416096,0.325621103,6.064881521,-0.220826649,1.122716239,0
1.431570558,-0.17974996,-0.074325738,3.752534546,0.23901836,2.976508835,2.266851288,-0.614785914,1.596068127,-0.471918236,0.036305484,-0.16742065,0
0.503875977,-0.019855824,0.867296884,0.676928766,-0.148261648,0.231809589,0.907159331,-0.140554198,-0.435237346,1.393132097,0.501930237,0.976180549,0
-0.545763716,0.243969502,0.540795554,1.068124238,-0.648802788,-0.930875508,0.181121725,0.919819054,-0.749946645,0.054649603,-0.358770064,0.361405374,0
-0.201582188,-0.84730798,-0.590233918,-1.04972711,-0.535541654,-0.370711195,-0.07944642,-0.682375014,-0.40662741,-0.520456612,-0.235308955,-0.58642276,0
0.012676512,-0.711397964,-0.788660141,-0.663927438,0.23901836,0.064501533,-0.803115224,-0.576005283,-0.220662825,-0.024776831,-0.094714468,-0.088633929,0
-0.857806438,0.869155576,-0.664553558,-0.266257007,-0.474161427,-0.698338489,-0.824908196,-0.211467352,-0.552538085,-0.438970974,-0.192677078,-0.684070545,0
-0.761162089,0.731646618,0.769887647,1.864004681,-0.608613354,-0.971114155,0.821882483,1.986840415,-0.764251613,0.604751199,-0.483742941,1.642286467,0
0.27024282,-0.009196214,-0.294398458,0.330698291,1.182861143,-0.163870434,-0.615979919,-0.74627072,0.505314308,-0.520456612,0.237202744,-0.733252559,0
1.666343388,0.619720723,2.01095348,-0.21877397,1.188950452,1.18483016,-0.210914893,0.65278671,2.153961883,-0.430734159,-0.133012608,1.809409815,0
-0.288197407,-0.699405904,-0.893284877,-1.115825655,-0.688992222,-0.610025249,-0.180120476,3.269925292,-0.692726772,0.09289196,-0.254961948,-0.409749506,0
-0.288197407,-0.699405904,-0.893284877,-1.115825655,-0.688992222,-0.610025249,-0.180120476,3.269925292,-0.692726772,0.09289196,-0.254961948,-0.409749506,0
-0.74140774,0.291937743,-0.621501081,-0.874363622,0.108707162,-0.606142573,-0.453717029,-0.522451078,-0.162250872,0.627304384,-0.280494041,-0.692267547,0
-0.06026262,0.507794827,1.011606865,0.096880307,1.641994988,-0.68309016,1.776509414,0.555281123,-0.717760467,-0.429263299,-0.053392791,0.569115822,0
-0.558300129,-1.059167711,-0.327770141,-0.110857977,0.014322884,0.971459443,-0.733235585,-0.607029788,-0.376586978,-0.504277153,0.176396048,-0.09460262,0
-0.558300129,-1.059167711,-0.327770141,-0.110857977,0.014322884,0.971459443,-0.733235585,-0.607029788,-0.376586978,-0.504277153,0.176396048,-0.09460262,0
-0.7890841,0.471818646,-0.012993996,0.525846377,-0.35651599,-0.578257897,0.63711598,-0.162714559,-0.721336709,-0.139503902,-0.314424849,-0.702215365,0
1.140378441,0.814334728,0.693832852,-0.24636963,-0.399141148,2.068063405,0.100999841,0.322681758,0.858681079,0.051988047,0.151507057,1.237688798,0
-1.001991472,-0.256042305,-0.702795703,0.585508504,-0.942655408,-0.601281664,-1.116338438,-0.080404648,-0.321410672,-0.357779508,-0.427764307,-0.822271322,0
0.305778939,1.43601836,0.736524554,2.451761424,-0.206440639,0.514286903,0.08097783,0.506243411,-0.04331528,-0.015643491,-0.004555464,-0.320196403,0
-0.719938454,0.887314981,-0.816233655,-0.634944285,-0.497961923,-0.232886267,-0.657433942,0.362391014,-0.372193309,2.261948017,-0.078157002,-0.834379238,0
-0.507584639,0.04410183,0.109669487,0.118463507,-0.531888069,-0.506251898,0.020043236,-0.233627713,-0.596168238,-0.28658989,-0.278142401,0.727883003,0
-0.069135796,0.907587274,2.108757851,1.514074229,-0.70301503,-0.657131695,1.470505405,1.241613871,-0.611597168,-0.013157038,0.527692695,0.627853426,0
0.781386579,-0.03984259,0.120492736,0.515054778,-0.166529573,-0.441658282,-0.608873515,0.036728686,-0.174171678,-0.446913617,-0.390013283,-0.036109448,0
0.781386579,-0.03984259,0.120492736,0.515054778,-0.166529573,-0.441658282,-0.608873515,0.036728686,-0.174171678,-0.446913617,-0.390013283,-0.036109448,0
-0.507584639,0.04410183,0.109669487,0.118463507,-0.531888069,-0.506251898,0.020043236,-0.233627713,-0.596168238,-0.28658989,-0.278142401,0.727883003,0
-0.739888175,0.353230495,0.820396141,1.139168933,1.987867698,0.24451653,0.45866628,0.010136254,0.084509829,0.045824443,-0.303674494,0.407165338,0
0.156275427,-0.759366205,-0.734543899,-0.35366896,2.087732354,3.287828889,-0.780611611,-0.61146186,0.451670677,0.21644419,0.282219856,-0.669984434,0
-0.396271057,0.079126261,0.796292938,0.231595438,0.149314149,0.265109842,-0.268206045,0.410341813,1.233505303,0.510490093,0.020659878,0.346546176,0
-0.73836861,1.547106714,-0.453139436,0.471888381,-0.462469955,-0.716975336,-0.518859065,0.847797883,-0.664116836,5.452705372,-0.278142401,0.520172555,0
-0.639900782,0.133642547,-0.254713214,-0.36122308,-0.623227694,-0.7606025,0.161460674,0.012795497,-0.817179995,-0.207163457,-0.272498465,0.151546198,0
-0.196643601,-0.344973901,-0.890879711,0.061807611,0.234146913,0.238163059,-0.822855235,-0.241014499,-0.003704141,0.17722126,0.017492363,-0.946533785,0
-0.044257634,0.751343722,-0.473374206,2.29035105,0.74374259,0.520201901,-0.746401314,-0.155327772,1.414871864,1.376078649,-0.395052512,0.415192795,0
-0.923788604,-1.408096112,-0.740661387,-1.143684404,-0.910431243,-0.963839892,-0.959679259,-0.607961166,-0.726830646,-0.524869191,-0.482165443,-1.148483148,0
0.66780241,-0.459097173,-0.404403172,0.005767025,-0.256544505,0.074496173,-0.758246525,-0.712913546,0.553645859,-0.524869191,-0.15485516,-0.589459462,0
-0.520690889,0.799601626,-0.269745503,0.226379499,-0.639059895,-0.369652283,0.820303282,-0.150157021,-0.107415161,0.778312665,-0.33088633,0.009252604,0
-0.520690889,0.799601626,-0.269745503,0.226379499,-0.639059895,-0.369652283,0.820303282,-0.150157021,-0.107415161,0.778312665,-0.33088633,0.009252604,0
-0.395326756,-0.447572639,-0.75799427,-1.627077669,-0.721874487,-0.94993592,-0.660987144,-0.552736905,-0.710607983,-0.485155974,-0.492813553,-0.753546108,0
-0.075078381,0.38254442,0.053148078,-0.977783115,-0.657327819,-1.057944918,0.032676843,-0.567141139,-0.727297112,-0.447894191,-0.173998336,0.267895881,0
-0.446612083,0.278613231,0.413923029,0.295625594,-0.416191212,0.255811588,1.616220525,-0.176010775,-0.30172431,-0.471918236,-0.262016869,0.857602554,0
-0.369114256,-0.153100938,-0.843978967,0.613078471,-0.654892097,-0.859575451,-0.945638103,-0.7798806,-0.935911231,-0.343463139,-0.080940576,-0.869338714,0
-1.152298182,-0.604268893,-0.481640658,-0.653135838,-0.889208679,-1.069381165,-1.276875488,-0.310967371,-1.003859829,-0.002125589,-0.320875062,-0.527452093,0
-0.294547019,4.641743519,2.122175243,0.158623672,-1.046417221,-0.420843102,0.863438026,2.549396997,-1.090404886,-0.506966725,-0.456387127,1.962549373,0
0.196733852,-0.669597069,0.094319372,-0.476230694,-0.300320374,0.30878743,0.609959365,-0.664055782,0.277098976,-0.491550713,-0.156869757,-0.074405706,0
-0.816550242,-1.340581392,-1.013062161,-1.698841803,-0.839519924,-0.515782104,-1.401948198,-0.784091069,-0.33939406,-0.466917312,-0.076170106,-1.298129477,0
-0.979409647,-0.511530294,-0.144676853,-0.127045376,-0.634188448,-0.068391891,-0.06168041,-0.654674563,0.001064181,-0.217459476,-0.336597457,-0.691471722,0
-0.524109911,0.454496782,-0.18496339,1.576228702,0.925892334,-0.488250398,-0.539388676,-0.016456179,-0.244504438,-0.228736068,0.10887038,-0.360010414,0
-0.701443175,-0.843938782,-0.711943925,-0.416028987,-0.301555634,-0.680760554,0.576322386,-0.333270191,-0.510031895,0.23300187,-0.118024501,-0.15028198,0
-0.701443175,-0.843938782,-0.711943925,-0.416028987,-0.301555634,-0.680760554,0.576322386,-0.333270191,-0.510031895,0.23300187,-0.118024501,-0.15028198,0
-0.075078381,0.38254442,0.053148078,-0.977783115,-0.657327819,-1.057944918,0.032676843,-0.567141139,-0.727297112,-0.447894191,-0.173998336,0.267895881,0
-0.563618607,0.736976423,2.285142442,0.881969152,-0.55502744,-0.990880508,-0.578868698,1.200886294,-0.673653482,-0.434656452,-0.415209428,5.188484758,0
-0.955907399,-0.463630579,-0.783909938,-0.726888711,-0.760084027,-0.822963325,-0.932856728,-0.167090702,0.398010016,-0.323963739,0.617241233,-0.817589595,0
0.061682491,-0.051834651,-0.724923233,-0.49575835,1.649302157,-0.010187042,-0.554391085,-0.681266996,-0.180132082,-0.470937662,0.702827497,-0.782593738,0
-0.247549036,-0.459564699,-0.070116697,-0.830297926,-0.796164048,-1.016294389,-0.310404549,0.539030192,-0.857233906,1.152891649,-0.504571754,-0.394230909,0
-0.206140884,-0.50753294,-0.267340337,-0.738119682,-0.129993723,-0.48295584,-0.16946087,-0.484039787,-0.074930962,-0.518985752,-0.114367461,-0.003878516,0
0.990896637,0.028112417,1.250920916,-0.736770733,-0.447855615,-0.563080162,0.337067812,-0.213683388,-0.432853186,-0.145387341,-0.195499046,0.046656401,0
-0.467940267,0.368344298,0.197389339,-0.470757812,-0.742543339,-0.648539382,0.363688627,0.418583356,-0.698653116,0.065912187,-0.229449052,0.226274209,0
0.013816186,-0.579485302,4.168387685,1.626589498,0.633605536,0.519833584,-0.007197979,-0.322269155,0.594720358,-0.418967279,0.374941668,-0.358418763,0
-0.73836861,-1.283019503,-0.840972509,-0.974185916,-0.721874487,-1.074887506,-0.97603772,-0.494011949,-0.757099129,-0.427792439,-0.44342911,-0.671178172,0
-0.565138172,-0.808666897,-0.15850656,-0.395036757,-0.764499645,-0.604024749,-0.354622173,-0.60592177,-0.611665287,-0.509180019,-0.372208007,-0.33613565,0
-1.180562096,-0.24903742,-0.573397754,-0.923825119,-0.905771597,-1.365029324,-0.123269244,-0.436764351,-1.169559043,-0.508199446,-0.372208007,0.057797957,0
2.94675077,1.154909239,1.712334898,1.515898523,2.377722612,2.397435383,0.805774634,0.787205125,3.291411205,-0.160852383,0.328695944,1.594468725,0
-0.315934978,-0.436005419,-1.067345719,-0.733746999,0.543236671,0.248163892,-1.231050054,-0.558935382,0.005469696,1.106172307,0.073352337,-1.076011128,0
-0.089666208,0.311125039,2.490062614,0.363972389,-0.724066638,-0.30442332,-0.148852299,-0.045486252,-0.271445462,-0.516632376,-0.209407319,0.9609007,0
-0.789653937,0.267953622,-0.640742411,-0.06499368,-0.40766618,-0.272232402,-0.375546585,-0.031968431,-0.589015754,1.22839579,0.095768385,-0.381099789,0
-0.510433823,-0.288477973,-0.286461409,0.668295487,-0.401089728,0.058148063,-0.40326156,-0.254015244,-0.562551563,-0.073021035,-0.005379018,-0.570426668,0
-0.603187,0.457542384,0.943884252,-0.700618875,-1.046417221,-0.584097039,0.202711657,0.580417303,-0.270628035,-0.169803615,-0.147669565,0.478118864,0
-0.413561539,0.611726015,-0.063502489,-0.469678651,-0.40035901,-0.903343803,-0.096028029,0.667190944,-0.639083142,-0.324832247,-0.117894921,0.280231176,0
-0.413561539,0.611726015,-0.063502489,-0.469678651,-0.40035901,-0.903343803,-0.096028029,0.667190944,-0.639083142,-0.324832247,-0.117894921,0.280231176,0
0.061682491,0.211990674,0.600323421,1.221904527,-0.102591835,-0.189637286,2.423192175,-0.590409518,-0.678421804,-0.489568554,-0.083628164,-0.225913822,0
-0.844358286,-0.435580579,-0.64795791,-0.510147149,-0.177490327,-0.979585449,-0.919186488,-0.382102128,-0.699879257,-0.221872055,-0.249922719,-0.160258221,0
-0.800822742,0.203995968,-0.022374145,-0.64180466,-0.623227694,-0.806771052,-0.083947143,-0.159168901,-0.709892735,-0.061254156,-0.103986649,0.013550061,0
-0.451170779,0.579747188,-0.240282216,0.142744604,-0.330940896,-0.445893929,-0.326986158,-0.129474018,-0.206357857,-0.451326197,-0.274111018,-0.129221028,0
1.937585785,-0.102467795,-1.031581942,-0.161218774,0.207353956,0.611252965,-0.518069464,0.304869049,1.362420313,1.272521586,-0.067166683,-1.178118996,0
0.346600974,-0.531517061,-1.086900767,-1.261961895,-0.58425612,-0.731094159,-0.964193713,-0.768431081,-0.759483291,-0.454267917,-0.408490456,-0.724498479,0
1.117020552,-0.703403258,-0.491020806,-0.127045376,1.479410456,0.269295065,-0.322248555,-0.324485191,-0.067778478,-0.435146738,0.124995913,-0.556579305,0
0.494188748,0.004128297,1.475202677,-0.288919364,-0.181143912,-0.102806523,1.518310071,0.313733193,-0.095494354,-0.360132884,-0.105296849,0.64312759,0
-0.911905163,-0.688008619,-0.754025746,-0.816937457,-0.358037435,-0.915025595,-1.015172149,-0.770924389,-0.767800213,-0.160722655,-0.265696723,-0.963986583,0
1.140378441,0.814334728,0.693832852,-0.24636963,-0.399141148,2.068063405,0.100999841,0.322681758,0.858681079,0.051988047,0.151507057,1.237688798,0
0.252387929,0.065421049,-0.038248243,0.845997154,-0.101982905,0.974459693,-0.285137334,-0.308972938,-0.130064693,-0.460151357,0.675951609,0.002090175,0
-0.661782522,-0.515527647,0.844928838,-0.384964598,-0.64368777,-0.718669595,1.651910467,-0.414456255,-0.930189243,-0.393080146,-0.22573442,0.666286111,0
2.331533074,-0.774023169,0.797547061,0.196702601,2.917096141,1.705108799,0.90676453,-0.020149573,1.340962862,-0.219420622,0.488828242,0.02317955,0
2.331533074,-0.774023169,0.797547061,0.196702601,2.917096141,1.705108799,0.90676453,-0.020149573,1.340962862,-0.219420622,0.488828242,0.02317955,0
-0.193034633,0.036107124,0.232332971,-0.06904053,-0.762063923,-0.381829768,-0.093659228,-0.129474018,-0.28324706,-0.367487184,-0.150145986,0.388264483,0
-0.377471865,-0.146438682,-0.319652705,-0.032618883,-0.734053104,-0.583552456,-0.603741112,-0.501768075,-0.698687176,-0.149309634,-0.193147406,-0.387466393,0
-0.377471865,-0.146438682,-0.319652705,-0.032618883,-0.734053104,-0.583552456,-0.603741112,-0.501768075,-0.698687176,-0.149309634,-0.193147406,-0.387466393,0
1.294809686,-0.579485302,1.278580329,1.497090307,-0.886285811,-0.157869934,0.338647013,0.861094099,2.368536405,-0.471918236,0.08266639,0.066552038,0
-0.458008823,0.703665144,-0.186165973,0.558221174,-0.674377883,-0.075274817,0.305483795,0.74253617,-0.338678812,0.195852152,0.174380357,0.555984701,0
-0.341762081,-0.65943237,1.020024947,-0.274530566,0.60681258,-0.609672279,-0.077472419,0.482890612,-0.404243249,-0.368958043,-0.330550382,0.504256046,0
0.196733852,-0.669597069,0.094319372,-0.476230694,-0.300320374,0.30878743,0.609959365,-0.664055782,0.277098976,-0.491550713,-0.156869757,-0.074405706,0
-0.341762081,-0.173354195,-0.514471178,-1.002244074,1.077881468,-0.084593241,-0.804062744,-0.727360546,-0.24068978,-0.433087534,-0.044322179,-0.941917997,0
-0.78101141,0.288606614,-0.448780073,-0.202586571,-0.247821838,-0.720858012,-0.272010227,0.605141934,-0.552955313,-0.168063098,-0.406978687,0.617561697,0
1.073333051,-0.957013124,-0.082342959,0.265648929,-0.197382068,-0.528724359,-0.900367678,-0.13784571,-0.108607241,-0.176765686,7.166142518,-0.500738884,0
1.317912229,0.44013341,0.27028568,2.005118559,2.40887628,2.055806011,1.198301073,0.060234944,0.01189393,0.32119933,0.275643235,0.442424454,0
